{"cameraMode":{"drawMode":0,"name":"Shaded","section":"Shading Mode"},"sceneLighting":true,"audioPlay":false,"sceneViewState":{"m_AlwaysRefresh":false,"showFog":true,"showSkybox":true,"showFlares":true,"showImageEffects":true,"showParticleSystems":true,"showVisualEffectGraphs":true,"m_FxEnabled":true},"in2DMode":false,"pivot":{"x":5.032793045043945,"y":0.6739545464515686,"z":-2.936854839324951},"rotation":{"x":-0.026884036138653756,"y":0.17512452602386475,"z":-0.004783698823302984,"w":-0.9841724634170532},"size":5.594354629516602,"orthographic":true}